,algorithm,params,train_acc,train_f1,train_time,val_acc,val_f1,val_time,test_acc,test_f1,test_time
0,NearestCentroid(),{},0.8396704689480355,0.7633302151543498,7.636993885040283,0.8337028824833703,0.7483221476510067,0.8173668384552002,0.8403547671840355,0.7677419354838709,0.67576003074646
