,algorithm,params,train_acc,train_f1,train_time,val_acc,val_f1,val_time,test_acc,test_f1,test_time
0,LogisticRegression(),"{'C': 0.01, 'class_weight': 'balanced', 'random_state': 42}",0.8406210392902408,0.7644028103044497,8.543708086013794,0.8348115299334812,0.749579831932773,1.2576730251312256,0.8425720620842572,0.7702265372168284,1.4236888885498047
1,NearestCentroid(),{},0.8396704689480355,0.7633302151543498,4.780192136764526,0.8337028824833703,0.7483221476510067,0.6167402267456055,0.8403547671840355,0.7677419354838709,0.7691259384155273
